<?xml version="1.0" encoding="UTF-8"?>
<!DOCTYPE hibernate-mapping PUBLIC 
    "-//Hibernate/Hibernate Mapping DTD 3.0//EN"
    "http://www.hibernate.org/dtd/hibernate-mapping-3.0.dtd">
<hibernate-mapping>
	<class name="Employee" table="EMPLOYEE2">
		<id name="id">
			<generator class="increment"></generator>
		</id>

		<property name="name"></property>

		<joined-subclass
			name="RegularEmployee" table="REGULAREMPLOYEE2">
			<key column="eid"></key>
			<property name="salary"></property>
			<property name="bonus"></property>
		</joined-subclass>

		<joined-subclass
			name="ContractEmployee" table="CONTRACTEMPLOYEE2">
			<key column="eid"></key>
			<property name="payPerHour"></property>
			<property name="contractDuration"></property>
		</joined-subclass>

	</class>
</hibernate-mapping>  