<?xml version="1.0" encoding="UTF-8"?>
<!DOCTYPE hibernate-mapping PUBLIC 
    "-//Hibernate/Hibernate Mapping DTD 3.0//EN"
    "http://www.hibernate.org/dtd/hibernate-mapping-3.0.dtd">
<hibernate-mapping>
	<class name="Employee" table="EMPLOYEE1">  
  <id name="id">  
  <generator class="increment"></generator>  
  </id>  
           
  <property name="name"></property>  
            
  <union-subclass name="RegularEmployee" table="REGULAREMPLOYEE1">  
  <property name="salary"></property>  
  <property name="bonus"></property>  
  </union-subclass>  
            
  <union-subclass name="ContractEmployee" table="CONTRACTEMPLOYEE1">  
  <property name="payPerHour"></property>  
  <property name="contractDuration"></property>  
  </union-subclass>  
            
  </class>  

</hibernate-mapping>  