<?xml version="1.0" encoding="UTF-8"?>
<!DOCTYPE hibernate-mapping PUBLIC 
    "-//Hibernate/Hibernate Mapping DTD 3.0//EN"
    "http://www.hibernate.org/dtd/hibernate-mapping-3.0.dtd">
   <hibernate-mapping>
   <class name = "Employee" table = "EMPLOYEE">
   <id name="id">
   <generator class="increment"></generator>
   </id>
   <property name="firstName"></property>
   <property name="lastName"></property>
   <property name="salary"></property>
   
   <one-to-one name="address" cascade="all"></one-to-one>
   </class>
   </hibernate-mapping>